unique_cod,ordem,item_pedido_unique_cod,quantidade_consumida,data_registro,data_consumo,profissional_unique_cod,inclusor_unique_cod,usuario_pedido_unique_cod,agendamento_servico_unique_cod,servico_unique_cod
cons-1,1,iped-1,1,2025-03-17 00:00:00,2025-03-20 10:00:00,100,100,100,100-serv4,600
cons-2,1,iped-2,1,2025-03-17 00:00:00,2025-03-20 11:00:00,100,100,100,100-serv2,700
cons-3,1,iped-3,1,2025-03-18 10:30:00,2025-03-18 10:30:00,200,200,200,100-serv3,800
cons-4,1,iped-4,1,2025-03-18 10:30:00,2025-03-25 14:00:00,200,200,200,100-serv1,600
cons-5,1,iped-5,1,2025-03-19 14:15:00,2025-03-22 09:30:00,100,100,100,,1000
