unique_cod,descricao,descricao_status_personalizado,registro_automatico_trigger,data_registro,hora_inicio,hora_fim,data_chegada,data_confirmacao,hora_inicio_efetivo,hora_fim_efetivo,observacoes,motivo_nao_atendimento,dominio_motivo_cancelamento,nao_atendido,encaixe,remoto,particular,dia_todo,pessoa_unique_cod,operadora_saude_unique_cod,profissional_unique_cod,usuario_inclusor_unique_cod,agenda_especialidade_cod,nome_agenda_importacao,agenda_coletiva,clinica_unique_cod
100,Realização de procedimentos,Agendado,AGENDAMENTO,2024-06-29 09:19:13.195 -0300,2024-10-20 09:30:00.000,2024-10-20 09:30:00.000,,,,,,,,false,false,false,false,false,100,200,100,500,18,Dermatologista - Dra. Ana Júlia,false,
101,Consulta,Finalizado,ATENDIMENTO_FINALIZADO,2020-06-18 09:19:13.195 -0300,2020-10-29 17:00:00.000,2020-10-29 17:00:00.000,2020-10-29 16:30:00.000,2020-10-25 17:00:00.000,2020-10-29 17:00:00.000,2020-10-29 17:30:00.000,,,,false,false,false,false,false,200,200,100,500,18,Dermatologista - Dra. Ana Júlia,false,
102,Realização de procedimentos,Finalizado,PRONTUARIO_ABERTO,2020-06-28 09:19:13.195 -0300,2020-11-19 14:30:00.000,2020-11-19 14:30:00.000,,2020-11-18 17:00:00.000,2020-11-19 14:30:00.000,2020-11-19 15:15:00.000,,,,false,false,false,false,false,300,200,100,500,18,Dermatologista - Dra. Ana Júlia - Manhã,false,
103,Realização de procedimentos,Finalizado,CHEGADA_RETIRADA,2020-06-30 09:19:13.195 -0300,2020-11-20 14:30:00.000,2020-11-20 14:30:00.000,,,2020-11-20 14:30:00.000,2020-11-20 15:15:00.000,,,,false,false,false,true,false,400,,100,400,18,Dermatologista - Dra. Ana Júlia - Manhã,false,
104,Consulta,Cancelado,CANCELADO,2021-06-30 09:19:13.195 -0300,2021-11-20 14:30:00.000,2021-11-20 14:30:00.000,,,,,,Precisou remarcar,Cancelado pelo cliente,true,false,false,true,false,500,,350,400,19,Clínica Médica - Dr. Lucas ,false,
