unique_cod,data_registro,pessoa_unique_cod,profissional_unique_cod,prontuario_diagnostico_nome,data_atualizacao,data_exclusao,diag_evolucao_descricao,diag_evolucao_descricao_html,diag_evolucao_adendo,diag_evolucao_data_exclusao,prontuario_especialidade_cod,inclusor_unique_cod
1011,2022-10-22 09:30:00.000,100,100,Importação - Anamnese,2023-09-22 10:20:00.000,,"Paciente faz uso de cremes faciais e corporais, sempre usa protetor solar. Queixa principal: surgimentos de estrias.","<div><p> Paciente faz uso de cremes faciais e corporais, sempre usa protetor solar.</p><p>Queixa principal: surgimentos de estrias.</p></div>",false,,18,100
1012,2020-10-29 17:00:00.000,200,100,Importação – Condutas,,,Realizado do retoque de botox nas regiões alvo.,,false,,18,100
1013,2020-11-19 14:30:00.000,300,100,Importação - Anamnese,,,"Queixa principal: manchas na pele. Paciente se expõe muito ao sol, pois trabalha ao ar livre.",,false,,18,100
1014,2020-11-20 14:30:00.000,400,100,Importação - Condutas,,,Realizado do retoque de botox nas regiões alvo.,<div><p> Realizado do retoque de botox nas regiões alvo.</p></div>,false,,18,100
1015,2021-11-20 14:30:00.000,500,200,Importação - Anamnese,,,Antecedentes familiares: a mãe possui diabetes. Queixa-se de sensibilidade na pele.,,true,2023-09-22 10:30:00.000,19,200
