unique_cod,protocolo_unique_cod,data_registro,medicamento_exame_nome,medicamento_tarja,medicamento_uso,medicamento_composicao,medicamento_descricao,medicamento_posologia,categoria_exame_medicamento,protocolo_nome,total_referencias,data_atualizacao,data_exclusao,indicacoes_clinicas,protocolo_categoria,profissional_unique_cod,visivel_para_outros_profissionais,observacao,composto_por_exames,composto_por_medicamentos,protocolo_especialidade,inclusor_unique_cod
1,1,2024-02-08 15:20:41.746 -0300,Clotrimazol,vermelha,tópico,Clotrimazol 1%,Antifúngico tópico,Aplicar uma fina camada sobre a área afetada duas vezes ao dia,MED,Clotrimazol + Dipropionato de Betametasona,0,2024-02-08 15:20:41.746 -0300,,,MANIPULADO,100,true,,false,true,18,100
2,1,2024-02-08 15:20:41.746 -0300,Dipropionato de Betametasona,vermelha,tópico,"Dipropionato de Betametasona 0,05%",Corticosteroide,Aplicar uma fina camada sobre a área afetada duas vezes ao dia,MED,Clotrimazol + Dipropionato de Betametasona,0,2024-02-08 15:20:41.746 -0300,,,MANIPULADO,100,true,,false,true,18,100
3,2,2024-02-08 15:20:41.746 -0300,Ácido Salicílico,amarela,tópico,Ácido Salicílico 17%,Queratolítico tópico,",Aplicar uma gota sobre a verruga uma vez ao dia",MED,Protocolo de Verrugas,0,2024-02-08 15:20:41.746 -0300,,Verrugas,MANIPULADO,100,true,Ao usar o protocolo não se expor ao sol.,false,true,18,100
4,3,2024-02-08 15:20:41.746 -0300,Isotretinoína,vermelha,oral,Isotretinoína 20mg,Retinoide,Ingerir uma cápsula com alimentos uma vez ao dia,MED,Retinoides Sistêmicos,0,2024-02-08 15:20:41.746 -0300,,,INDUSTRIAL,100,true,,false,true,18,100
5,4,2024-02-08 15:20:41.746 -0300,Niacinamida,sem tarja,tópico,Niacinamida 4%,Anti-inflamatório,Aplicar duas gotas na região afetada após limpeza,MED,Tratamento de Rosácea,0,2024-02-08 15:20:41.746 -0300,,MANIPULADO,INDUSTRIAL,100,true,Evitar exposição solar após aplicação.,false,true,18,100
