unique_cod,data_orcamento,data_registro,data_validade_orcamento,data_exclusao,orcamento_concluido,negocio_fechado,observacao,instrucoes_realizacao,valor_total_orcamento,pessoa_unique_cod,profissional_unique_cod,usuario_pedido_unique_cod,inclusor_unique_cod,usuario_venda_unique_cod,clinica_unique_cod
orc-1,2025-03-17 00:00:00,2025-03-17 00:00:00,2025-03-24 00:00:00,,true,true,Pacote peelings médicos,Enviar instruções pré-procedimento,920.00,100,100,100,100,100,
orc-2,2025-03-17 10:30:00,2025-03-17 10:30:00,2025-03-24 10:30:00,,true,false,Consulta dermatológica inicial,Confirmar disponibilidade de sala,520.00,200,200,200,200,200,
orc-3,2025-03-18 11:15:00,2025-03-18 11:15:00,2025-03-25 11:15:00,,true,true,Peeling com microagulhamento,Agendar retorno em 7 dias,780.00,300,350,350,350,350,
orc-4,2025-03-19 09:45:00,2025-03-19 09:45:00,2025-03-26 09:45:00,,true,false,Drenagem linfática corporal,Alocar sala de fisioterapia,640.00,400,400,400,400,400,
orc-5,2025-03-20 14:20:00,2025-03-20 14:20:00,2025-03-27 14:20:00,,true,true,Pacote detox e hidratação,Coletar exames pré-procedimento,910.00,500,500,500,500,500,
