unique_cod,pessoa_unique_cod,nome,observacao,relevante_prescricoes,data_registro,data_fim,inclusor_unique_cod
1,100,Alergia a amendoim,,false,2019-06-25 10:23:37.384 -0300,2021-07-27 11:23:48.384 -0300,100
2,200,Alergia a camarão,Garganta fecha ao consumir,true,2020-06-20 10:33:37.384 -0300,,100
3,300,Alergia a ácaro,Indicado protetor de travesseiro,false,2022-01-30 10:53:37.384 -0300,,200
4,400,Alergia a penicilina,,true,2021-04-12 08:05:00.000,,200
5,500,Alergia a frutos do mar,Reações cutâneas moderadas,true,2022-08-03 09:45:00.000,,200
