unique_cod,codigo_nas_clinicas,data_registro,tratamento,nome_civil_razao_social,nome_social,data_nascimento,sexo_biologico_ao_nascer,cpf,rg,rg_orgao,cns,naturalidade,nacionalidade,escolaridade,raca,estado_civil,nome_conjuge,profissao,ocupacao_outros,local_trabalho,obito_encerrado,tipo_pessoa,tipo_sanguineo,preferencial,nome_mae,nome_pai,como_conheceu_detalhes,observacoes,end1_label,end1_logradouro,end1_numero,end1_complemento,end1_bairro,end1_cep,end1_municipio_codigo_ibge,end1_municipio_nome,end1_uf_sigla,contato1_descricao,contato1_telefone_ddd,contato1_num_ddi,contato1_telefone_numero,contato1_telefone_numero_completo,contato1_preferido,contato1_tipo_contato_id,contato1_receber_propagandas,contato1_receber_confirmacoes,contato1_possui_whatsapp,contato2_descricao,contato2_telefone_ddd,contato2_num_ddi,contato2_telefone_numero,contato2_telefone_numero_completo,contato2_preferido,contato2_tipo_contato_id,contato2_receber_propagandas,contato2_receber_confirmacoes,contato2_possui_whatsapp,contato3_descricao,contato3_telefone_ddd,contato3_num_ddi,contato3_telefone_numero,contato3_telefone_numero_completo,contato3_preferido,contato3_tipo_contato_id,contato3_receber_propagandas,contato3_receber_confirmacoes,contato3_possui_whatsapp,contato4_descricao,contato4_telefone_ddd,contato4_telefone_numero,contato4_num_ddi,contato4_telefone_numero_completo,contato4_preferido,contato4_tipo_contato_id,contato4_receber_propagandas,contato4_receber_confirmacoes,contato4_possui_whatsapp,email1_descricao,email1_receber_propagandas,email1_receber_confirmacoes,email2_descricao,email2_receber_propagandas,email2_receber_confirmacoes,operadora_saude1_unique_cod,operadora_saude1_numero,operadora_saude1_validade,operadora_saude1_nome_operadora,operadora_saude1_plano_unique_cod,operadora_saude1_nome_plano,operadora_saude2_unique_cod,operadora_saude2_numero,operadora_saude2_validade,operadora_saude2_nome_operadora,operadora_saude2_plano_unique_cod,operadora_saude2_nome_plano,operadora_saude3_unique_cod,operadora_saude3_numero,operadora_saude3_validade,operadora_saude3_nome_operadora,operadora_saude3_plano_unique_cod,operadora_saude3_nome_plano,clinica_unique_cod
500,5,2022-07-21 19:03:01.004,Sr.,Antônio José de Oliveira,,2004-03-25,M,34756777090,436665608,SSP-GO,,Goiás,BRASIL,ENSINO FUNDAMENTAL INCOMPLETO,,CASADO,Emil Glasses,,Contador,,false,PF,AB_NEG,false,Ana luzia,Vicente Alves da Silva,Site,,principal,"Asa Sul, quadra 900",500,,Setor Sul,70000-004,530010,Brasília,DF,Celular,61,55,986059878,5561986059878,true,1,true,true,true,,,,,,,,,,,,,,,,,,,,,,,,,,,,,,,Aoliveira@gmail.com,false,true,Aoliveira2@gmail.com,false,true,,,,,,,,,,,,,,,,,,,
300,3,2022-07-19 19:03:01.002,Sr.,Lucas Souza,,2004-03-23,M,56361901076,393336414,SSP-MA,,Maranhão,BRASIL,ENSINO FUNDAMENTAL INCOMPLETO,,SOLTEIRO,,,Professor,,false,PF,AB_NEG,false,,Romildo Neves Borges,Instagram,,principal,"Jardim botânico, rua 7",20,,Setor Oeste,70000-002,530010,Brasília,DF,Celular,61,55,986059876,5561986059876,true,1,true,true,true,Fixo,61,55,33915699,556133915699,false,2,false,false,false,,,,,,,,,,,,,,,,,,,,,LucasSouza@gmail.com,true,true,LucasSouza2@gmail.com,false,true,900,7777777,2022-01-05,Amil,4,Prata,,,,,,,,,,,,,
400,4,2022-07-11 19:03:01.003,Sr.,João Gabriel Lima,,2004-03-24,M,70447615009,172310374,SSP-MA,,Maranhão,BRASIL,ENSINO FUNDAMENTAL INCOMPLETO,,CASADO,Jose Afonso,,Empresário,,false,PF,AB_NEG,false,,Cloves Pereira Guimaraes,Instagram,,principal,Avenida Assis Chateaubriand,16,Apartamento 80,Setor Oeste,70000-003,530010,Brasília,DF,Celular,61,55,986059877,5561986059877,true,1,true,true,true,,,,,,,,,,,,,,,,,,,,,,,,,,,,,,,JG@gmail.com,false,true,JG2@gmail.com,false,true,1000,3333333,2022-05-23,Bradesco,,,,,,,,,,,,,,,
200,2,2022-07-01 19:03:01.001,Sra.,Lara Maria da Silva,,2004-03-22,F,35324989010,493906666,SSP-DF,705815689822,Brasília,BRASIL,ENSINO FUNDAMENTAL INCOMPLETO,,SOLTEIRO,,,Funcionária Pública,,false,PF,AB_NEG,false,Maria Do Rosário,,Instagram,Tem alergia à dipirona,principal,Quadra 2 Norte,500,,Setor Norte,70000-001,530010,Brasília,DF,Celular,61,55,986059875,5561986059875,true,1,true,true,true,Fixo,61,55,33915698,556133915698,false,2,false,false,false,,,,,,,,,,,,,,,,,,,,,larinha@gmail.com,false,true,larinha2@gmail.com,false,true,800,8888888,2024-02-05,SulAmérica,10,Gold,,,,,,,,,,,,,
100,1,2022-07-11 19:03:01.000,Sra.,Maria Joaquina,,2004-03-21,F,88170210089,217380384,SSP-DF,,Brasília,BRASIL,ENSINO FUNDAMENTAL INCOMPLETO,,SOLTEIRO,,,Estudante,,false,PF,AB_NEG,false,,Ailton Pessoni,Instagram,,principal,Quadra 1 Sul,200,Apartamento 709,Setor Sul,70000-000,530010,Brasília,DF,Celular,61,55,986059874,5561986059874,true,1,true,true,true,,,,,,,,,,,,,,,,,,,,,,,,,,,,,,,maria@gmail.com,false,true,maria2@gmail.com,false,true,700,9999999,2023-01-01,Unimed,4,Prata,800,666666666,2023-09-05,SulAmérica,1,Clássico,900,555555555,2023-12-31,Amil,50,Executivo,
