unique_cod,data_informada,data_exclusao,data_importacao,pessoa_unique_cod,profissional_unique_cod,prontuario_unique_cod,documento_texto,inclusor_unique_cod
132285720,2020-11-25 18:00:00.000,,2020-12-26 18:59:04.000,100,100,493552100,"Eu (nome do médico),
médico portador do CRM (número do CRM),
atesto que o Sr(a). (nome do paciente),
portador da Carteira de Identidade nº (número do RG),
deverá se afastar de suas atividades laborais por (tempo necessário para recuperação) por motivo de doença.
CID não especificado a pedido do paciente.",100
132285721,2020-11-27 08:00:00.000,,2020-12-26 18:59:04.000,200,100,493552101,"Atesto para os devidos fins que a Sra. (nome da paciente),
inscrita no CPF nº (número do CPF) e no RG nº (número do RG),
esteve sob meus cuidados, foi atendido(a) por mim no dia (data), às (horário), com a finalidade de realizar exames.",100
132285722,2021-01-12 10:15:00.000,,2021-01-15 08:00:00.000,300,100,493552102,Atesto que o paciente esteve em tratamento fisioterápico intensivo e necessita repouso por 5 dias.,100
132285723,2021-05-05 16:45:00.000,,2021-05-06 09:00:00.000,400,200,493552103,Paciente liberado para retorno ao trabalho em 24 horas. Evitar esforço físico.,200
132285724,2021-09-18 12:30:00.000,,2021-09-19 08:30:00.000,500,200,493552104,Paciente deverá permanecer em isolamento domiciliar por 7 dias. Retorno agendado.,200
