unique_cod,ordem,agendamento_unique_cod,profissional_unique_cod,quantidade,servico_unique_cod,item_pedido_unique_cod,observacao,realizado,pago,data_registro,data_exclusao,inclusor_unique_cod,pessoa_unique_cod,agenda_especialidade_cod
100-serv1,1,100,350,1.0,700,,,true,false,2024-06-29 09:19:13.195,,,100,18
100-serv2,2,100,350,1.0,900,,,true,false,2024-06-29 09:19:13.195,,,100,18
100-serv3,3,100,350,1.0,1000,,,true,false,2024-06-29 09:19:13.195,,,100,18
100-serv4,4,100,350,1.0,800,,Paciente orientado a não tomar sol por 7 dias.,true,false,2024-06-29 09:19:13.195,,,100,18
100-serv5,5,100,350,1.0,600,,,true,false,2024-06-29 09:19:13.195,,,100,18
